IndTrig_L,IndTrig_R,HandTrig_L,HandTrig_R,Thumb_L_x,Thumb_R_x,Thumb_L_y,Thumb_R_y,LE_speed,Head_Speed,Head_Velocity_Change,Head_AngVel_Change,c_speed,text_presence,change in brightness,diff_HE_yaw,diff_HE_roll,diff_HE_pitch,c_acceleration1,c_acceleration2,c_acceleration3,c_velocity1,c_velocity2,c_velocity3,le_roll_change,le_pitch_change,le_yaw_change,h_roll_change,h_pitch_change,h_yaw_change,c_roll_change,c_pitch_change,c_yaw_change,msr,session
0.0,1.2808302640914917,6.374355852603911,4.0,-1.5212643973419677,-0.8386872533444503,-3.4432552441144795,-0.5306142648760551,0.03753446533431505,0.038318480709767,0.030895535256526,0.251332032136048,6.511973487874325,163.0,2008.6771701388893,0.0358759079209818,0.4873820368325101,0.0292942960915276,0.578260781524314,0.0,-1.6419533086846854,-0.05674923167509191,0.06868911511970288,-0.3280263198049445,0.0027899743458501547,0.0032543865014403317,0.0018035112499554806,0.0009065301017543437,0.00046666756780777696,0.0017824653659386236,7.172058795920644e-05,0.0007139109920355491,0.002805920631895109,1.0,52_1_Arena_Clash
11.090841293334961,281.81243681907654,816.6026291251183,2153.487149000168,88.116882495022,8.829425079395778,-80.74417750117091,-9.008853724904043,0.0280975072204191,0.027218430734377,0.0188935658042177,0.1417369562097433,4.950646364999424,4216.0,18642.037350063132,0.013983271025224949,0.08670998826121165,0.07778668077064965,0.0,0.03056811126945677,0.0,-0.02574199511681074,-0.012841718883077852,0.43320271849835956,-0.0005056161985641516,0.00016952953637289214,0.0007603802822016004,-0.001185939126265509,-0.0005410830485099161,0.0005398648103476233,0.0,0.000310816275847392,0.0004684923421258702,3.0,50_2_Arena_Clash
54.59584790468216,372.3963259458542,279.6319522857666,284.88253688812256,39.197634028582,12.046297254086888,6.352155466351489,-6.201729635307933,0.020307671287118897,0.02013389876255965,0.013272146595574848,0.10347764210166195,4.443969272366918,4216.0,36331.6704229798,0.0148542246479778,0.1140927313289598,0.1061273731002214,0.0,0.0,0.0,0.0,0.0,0.05275181361607143,-0.001137913060527497,-0.0006848047355706433,0.00036057433707314956,-0.00044680642003934457,0.00017154336250110175,2.254902172484953e-05,0.0,0.00010846710566714268,0.0,2.0,46_2_Arena_Clash
